elapsed_s,temp_c,humidity_pct,wind_noise_score
296.91,23.4,61.0,14.96
297.16,23.4,61.0,17.23
297.39,23.4,61.0,16.29
297.62,23.4,61.0,14.97
297.85,23.4,61.0,15.61
298.08,23.4,61.0,15.12
298.3,23.4,61.0,15.08
298.53,23.4,61.0,16.29
298.76,23.4,61.0,15.71
298.99,23.4,61.0,14.53
299.24,23.4,61.0,14.97
299.47,23.4,61.0,14.9
299.7,23.4,61.0,17.36
299.92,23.4,61.0,16.13
300.15,23.4,61.0,14.86
300.38,23.4,61.0,15.39
300.61,23.4,61.0,16.17
300.84,23.4,61.0,13.55
301.07,23.4,61.0,15.45
301.32,23.4,61.0,14.86
301.55,23.4,61.0,16.08
301.77,23.4,61.0,16.31
302.0,23.4,61.0,14.72
302.23,23.4,61.0,16.17
302.46,23.4,61.0,14.41
302.69,23.4,61.0,15.11
302.91,23.4,61.0,17.4
303.14,23.4,61.0,15.76
303.39,23.4,61.0,16.34
303.62,23.4,61.0,16.08
303.85,23.4,61.0,15.0
304.08,23.4,61.0,16.3
304.31,23.4,61.0,16.18
304.54,23.4,61.0,15.16
304.76,23.4,61.0,15.52
304.99,23.4,61.0,14.58
305.22,23.4,61.0,13.68
305.47,23.4,61.0,14.91
305.7,23.4,61.0,15.3
305.93,23.4,61.0,15.6
306.16,23.4,61.0,15.03
306.38,23.4,61.0,14.42
306.61,23.4,61.0,15.84
306.84,23.4,61.0,16.03
307.07,23.4,61.0,14.97
307.3,23.4,61.0,9.91
307.55,23.4,61.0,22.7
307.78,23.4,61.0,20.13
308.01,23.4,61.0,18.36
308.23,23.4,61.0,11.31
308.46,23.4,61.0,11.5
308.69,23.4,61.0,10.7
308.92,23.4,61.0,11.07
309.14,23.4,61.0,11.84
309.37,23.4,61.0,11.53
309.63,23.4,62.0,13.22
309.85,23.4,62.0,11.06
310.08,23.4,62.0,16.6
310.31,23.4,62.0,17.41
310.54,23.4,62.0,15.98
310.77,23.4,62.0,16.42
310.99,23.4,62.0,16.97
311.22,23.4,62.0,16.38
311.45,23.4,62.0,14.94
311.7,23.5,65.0,15.5
311.93,23.5,65.0,16.36
312.16,23.5,65.0,17.83
312.39,23.5,65.0,15.38
312.61,23.5,65.0,15.22
312.84,23.5,65.0,16.09
313.07,23.5,65.0,15.19
313.3,23.5,65.0,14.55
313.53,23.5,65.0,17.24
313.78,23.5,65.0,16.96
314.01,23.5,65.0,18.92
314.24,23.5,65.0,16.84
314.46,23.5,65.0,17.91
314.69,23.5,65.0,17.06
314.92,23.5,65.0,17.73
315.15,23.5,65.0,16.9
315.38,23.5,65.0,17.44
315.6,23.5,65.0,16.06
315.86,23.5,65.0,18.09
316.08,23.5,65.0,15.52
316.31,23.5,65.0,17.2
316.54,23.5,65.0,16.7
316.77,23.5,65.0,14.92
317.0,23.5,65.0,17.23
317.23,23.5,65.0,16.57
317.45,23.5,65.0,15.11
317.68,23.5,65.0,15.74
317.93,23.5,65.0,15.04
318.16,23.5,65.0,11.88
318.39,23.5,65.0,9.84
318.62,23.5,65.0,11.99
318.85,23.5,65.0,78.62
319.07,23.5,65.0,46.64
319.3,23.5,65.0,76.41
319.53,23.5,65.0,36.33
319.76,23.5,65.0,23.53
320.01,23.5,65.0,17.3
320.24,23.5,65.0,11.78
320.47,23.5,65.0,11.58
320.7,23.5,65.0,11.48
320.92,23.5,65.0,10.57
321.15,23.5,65.0,9.09
321.38,23.5,65.0,8.79
321.61,23.5,65.0,9.43
321.83,23.5,65.0,9.62
322.09,23.5,65.0,10.92
322.32,23.5,65.0,9.27
322.54,23.5,65.0,9.09
322.77,23.5,65.0,9.47
323.0,23.5,65.0,10.41
323.23,23.5,65.0,10.73
323.46,23.5,65.0,9.65
323.68,23.5,65.0,9.99
323.91,23.5,65.0,11.36
324.17,23.5,65.0,10.73
324.39,23.5,65.0,9.85
324.62,23.5,65.0,10.13
324.85,23.5,65.0,9.68
325.08,23.5,65.0,12.05
325.3,23.5,65.0,98.32
325.53,23.5,65.0,48.59
325.76,23.5,65.0,43.33
325.99,23.5,65.0,23.8
326.24,23.5,65.0,15.39
326.47,23.5,65.0,12.69
326.7,23.5,65.0,10.72
326.93,23.5,65.0,11.85
327.15,23.5,65.0,12.95
327.38,23.5,65.0,10.04
327.61,23.5,65.0,10.31
327.84,23.5,65.0,11.12
328.07,23.5,65.0,9.36
328.32,23.6,65.0,10.08
328.55,23.6,65.0,9.33
328.77,23.6,65.0,10.07
329.0,23.6,65.0,9.52
329.23,23.6,65.0,9.21
329.46,23.6,65.0,11.03
329.69,23.6,65.0,9.78
329.92,23.6,65.0,9.23
330.14,23.6,65.0,10.56
330.4,23.6,65.0,9.55
330.62,23.6,65.0,15.75
330.85,23.6,65.0,15.79
331.08,23.6,65.0,12.13
331.31,23.6,65.0,13.27
331.54,23.6,65.0,11.32
331.76,23.6,65.0,11.21
331.99,23.6,65.0,11.41
332.22,23.6,65.0,10.15
332.47,23.6,65.0,10.68
332.7,23.6,65.0,10.3
332.93,23.6,65.0,9.96
333.16,23.6,65.0,10.01
333.39,23.6,65.0,10.36
333.61,23.6,65.0,8.59
333.84,23.6,65.0,9.85
334.07,23.6,65.0,9.9
334.3,23.6,65.0,9.3
334.55,23.6,65.0,9.41
334.78,23.6,65.0,9.88
335.01,23.6,65.0,10.38
335.23,23.6,65.0,10.39
335.46,23.6,65.0,9.15
335.69,23.6,65.0,11.2
335.92,23.6,65.0,9.29
336.15,23.6,65.0,31.88
336.37,23.6,65.0,16.81
336.63,23.6,65.0,12.78
336.86,23.6,65.0,15.0
337.08,23.6,65.0,12.24
337.31,23.6,65.0,12.16
337.54,23.6,65.0,12.56
337.77,23.6,65.0,12.0
337.99,23.6,65.0,11.54
338.22,23.6,65.0,19.45
338.45,23.6,65.0,17.7
338.7,23.6,65.0,18.09
338.93,23.6,65.0,16.47
339.16,23.6,65.0,18.23
339.39,23.6,65.0,17.85
339.62,23.6,65.0,17.11
339.84,23.6,65.0,17.0
340.07,23.6,65.0,17.81
340.3,23.6,65.0,16.31
340.53,23.6,65.0,17.14
340.78,23.6,65.0,16.59
341.01,23.6,65.0,17.71
341.24,23.6,65.0,18.78
341.46,23.6,65.0,17.9
341.69,23.6,65.0,18.28
341.92,23.6,65.0,17.88
342.15,23.6,65.0,17.02
342.38,23.6,65.0,17.55
342.61,23.6,65.0,18.66
342.86,23.6,65.0,18.55
343.09,23.6,65.0,17.83
343.31,23.6,65.0,17.13
343.54,23.6,65.0,17.69
343.77,23.6,65.0,18.13
344.0,23.6,65.0,15.6
344.23,23.6,65.0,17.05
344.45,23.6,65.0,18.77
344.68,23.6,65.0,16.06
344.93,23.6,65.0,17.29
345.16,23.6,65.0,16.9
345.39,23.6,65.0,18.39
345.62,23.6,65.0,17.65
345.85,23.6,65.0,15.97
346.08,23.6,65.0,17.72
346.3,23.6,65.0,18.27
346.53,23.6,65.0,17.97
346.76,23.6,65.0,17.67
347.01,23.6,65.0,15.77
347.24,23.6,65.0,18.35
347.47,23.6,65.0,18.37
347.7,23.6,65.0,17.0
347.92,23.6,65.0,18.09
348.15,23.6,65.0,17.64
348.38,23.6,65.0,16.75
348.61,23.6,65.0,18.03
348.84,23.6,65.0,18.19
349.09,23.6,64.0,18.27
349.32,23.6,64.0,17.75
349.55,23.6,64.0,16.67
349.77,23.6,64.0,17.19
350.0,23.6,64.0,17.45
350.23,23.6,64.0,16.86
350.46,23.6,64.0,17.44
350.68,23.6,64.0,18.84
350.91,23.6,64.0,16.7
351.17,23.6,64.0,17.53
351.39,23.6,64.0,16.02
351.62,23.6,64.0,17.98
351.85,23.6,64.0,17.16
352.08,23.6,64.0,16.87
352.31,23.6,64.0,18.34
352.53,23.6,64.0,17.52
352.76,23.6,64.0,15.53
352.99,23.6,64.0,17.83
353.24,23.6,64.0,17.29
353.47,23.6,64.0,18.68
353.7,23.6,64.0,17.83
353.93,23.6,64.0,17.21
354.15,23.6,64.0,18.23
354.38,23.6,64.0,17.09
354.61,23.6,64.0,15.97
354.84,23.6,64.0,18.12
355.07,23.6,64.0,17.66
355.32,23.6,64.0,18.15
355.55,23.6,64.0,16.57
355.78,23.6,64.0,16.69
356.0,23.6,64.0,18.83
356.23,23.6,64.0,18.04
356.46,23.6,64.0,16.2
356.69,23.6,64.0,17.66
356.92,23.6,64.0,17.52
357.14,23.6,64.0,16.77
357.4,23.6,64.0,16.2
357.62,23.6,64.0,16.93
357.85,23.6,64.0,17.79
358.08,23.6,64.0,17.84
358.31,23.6,64.0,16.33
358.54,23.6,64.0,17.45
358.77,23.6,64.0,16.74
358.99,23.6,64.0,16.69
359.22,23.6,64.0,19.01
359.47,23.6,64.0,17.0
359.7,23.6,64.0,18.18
359.93,23.6,64.0,15.51
360.16,23.6,64.0,15.83
360.39,23.6,64.0,18.1
360.61,23.6,64.0,15.69
360.84,23.6,64.0,15.26
361.07,23.6,64.0,16.78
361.3,23.6,64.0,17.22
361.55,23.6,64.0,18.12
361.78,23.6,64.0,16.27
362.01,23.6,64.0,17.0
362.23,23.6,64.0,18.55
362.46,23.6,64.0,17.71
362.69,23.6,64.0,16.92
362.92,23.6,64.0,18.96
363.15,23.6,64.0,17.64
363.37,23.6,64.0,16.67
363.63,23.6,63.0,18.42
363.86,23.6,63.0,16.66
364.08,23.6,63.0,19.32
364.31,23.6,63.0,17.49
364.54,23.6,63.0,16.92
364.77,23.6,63.0,18.58
365.0,23.6,63.0,18.75
365.22,23.6,63.0,16.83
365.45,23.6,63.0,19.67
365.7,23.6,63.0,17.25
365.93,23.6,63.0,18.19
366.16,23.6,63.0,17.47
366.39,23.6,63.0,17.09
366.62,23.6,63.0,18.38
366.85,23.6,63.0,16.92
367.07,23.6,63.0,17.59
367.3,23.6,63.0,18.17
367.53,23.6,63.0,18.41
367.78,23.6,63.0,19.34
368.01,23.6,63.0,18.73
368.24,23.6,63.0,16.25
368.47,23.6,63.0,18.69
368.69,23.6,63.0,17.43
368.92,23.6,63.0,17.36
369.15,23.6,63.0,19.62
369.38,23.6,63.0,17.72
369.61,23.6,63.0,16.72
369.86,23.6,63.0,17.67
370.09,23.6,63.0,18.28
370.32,23.6,63.0,19.22
370.54,23.6,63.0,18.06
370.77,23.6,63.0,16.8
371.0,23.6,63.0,18.09
371.23,23.6,63.0,17.8
371.45,23.6,63.0,16.27
371.68,23.6,63.0,18.47
371.94,23.6,63.0,18.71
372.16,23.6,63.0,20.11
372.39,23.6,63.0,16.99
372.62,23.6,63.0,16.92
372.85,23.6,63.0,18.42
373.08,23.6,63.0,17.38
373.3,23.6,63.0,16.72
373.53,23.6,63.0,17.92
373.76,23.6,63.0,16.93
374.01,23.6,63.0,18.47
374.24,23.6,63.0,17.41
374.47,23.6,63.0,16.83
374.7,23.6,63.0,19.23
374.92,23.6,63.0,17.35
375.15,23.6,63.0,16.9
375.38,23.6,63.0,18.83
375.61,23.6,63.0,18.0
375.84,23.6,63.0,17.01
376.09,23.6,63.0,17.76
376.32,23.6,63.0,17.37
376.55,23.6,63.0,18.5
376.77,23.6,63.0,16.91
377.0,23.6,63.0,17.32
377.23,23.6,63.0,19.2
377.46,23.6,63.0,17.73
377.69,23.6,63.0,15.78
377.91,23.6,63.0,18.91
378.17,23.6,63.0,17.89
378.39,23.6,63.0,17.75
378.62,23.6,63.0,18.11
378.85,23.6,63.0,17.69
379.08,23.6,63.0,18.21
379.31,23.6,63.0,17.42
379.54,23.6,63.0,16.91
379.76,23.6,63.0,18.75
379.99,23.6,63.0,16.91
380.24,23.6,63.0,18.79
380.47,23.6,63.0,17.39
380.7,23.6,63.0,17.13
380.93,23.6,63.0,18.27
381.16,23.6,63.0,17.54
381.38,23.6,63.0,17.71
381.61,23.6,63.0,19.26
381.84,23.6,63.0,17.67
382.07,23.6,63.0,15.8
382.32,23.7,63.0,17.59
382.55,23.7,63.0,17.51
382.78,23.7,63.0,16.94
383.01,23.7,63.0,17.19
383.23,23.7,63.0,16.36
383.46,23.7,63.0,17.7
383.69,23.7,63.0,18.13
383.92,23.7,63.0,18.2
384.14,23.7,63.0,17.99
384.4,23.7,63.0,17.37
384.63,23.7,63.0,17.84
384.85,23.7,63.0,17.17
385.08,23.7,63.0,16.79
385.31,23.7,63.0,18.68
385.54,23.7,63.0,17.89
385.77,23.7,63.0,17.41
385.99,23.7,63.0,18.5
386.22,23.7,63.0,17.67
386.48,23.6,63.0,18.68
386.7,23.6,63.0,16.73
386.93,23.6,63.0,16.52
387.16,23.6,63.0,19.04
387.39,23.6,63.0,16.83
387.61,23.6,63.0,16.42
387.84,23.6,63.0,18.26
388.07,23.6,63.0,17.64
388.3,23.6,63.0,16.93
388.55,23.7,63.0,17.86
388.78,23.7,63.0,17.06
389.01,23.7,63.0,18.51
389.24,23.7,63.0,16.87
389.46,23.7,63.0,17.28
389.69,23.7,63.0,17.29
389.92,23.7,63.0,17.17
390.15,23.7,63.0,16.71
390.38,23.7,63.0,18.8
390.63,23.7,63.0,18.13
390.86,23.7,63.0,18.94
391.08,23.7,63.0,16.48
391.31,23.7,63.0,17.23
391.54,23.7,63.0,18.41
391.77,23.7,63.0,18.61
392.0,23.7,63.0,17.41
392.23,23.7,63.0,18.25
392.45,23.7,63.0,17.75
392.71,23.7,63.0,18.22
392.93,23.7,63.0,17.33
393.16,23.7,63.0,16.03
393.39,23.7,63.0,18.04
393.62,23.7,63.0,17.48
393.85,23.7,63.0,17.87
394.07,23.7,63.0,18.42
394.3,23.7,63.0,17.65
394.53,23.7,63.0,16.88
394.78,23.6,63.0,17.64
395.01,23.6,63.0,18.7
395.24,23.6,63.0,18.5
395.47,23.6,63.0,16.62
395.7,23.6,63.0,17.8
395.92,23.6,63.0,18.12
396.15,23.6,63.0,17.4
396.38,23.6,63.0,16.73
396.61,23.6,63.0,18.16
396.86,23.6,63.0,18.39
397.09,23.6,63.0,18.68
397.32,23.6,63.0,17.31
397.54,23.6,63.0,17.59
397.77,23.6,63.0,18.53
398.0,23.6,63.0,18.72
398.23,23.6,63.0,17.48
398.46,23.6,63.0,18.96
398.68,23.6,63.0,16.81
398.94,23.7,63.0,18.75
399.17,23.7,63.0,16.95
399.39,23.7,63.0,18.37
399.62,23.7,63.0,18.9
399.85,23.7,63.0,18.04
400.08,23.7,63.0,18.02
400.3,23.7,63.0,18.55
400.53,23.7,63.0,16.99
400.76,23.7,63.0,16.94
401.01,23.7,63.0,16.78
401.24,23.7,63.0,18.23
401.47,23.7,63.0,19.36
401.7,23.7,63.0,17.39
401.93,23.7,63.0,17.82
402.15,23.7,63.0,18.65
402.38,23.7,63.0,17.72
402.61,23.7,63.0,16.82
402.84,23.7,63.0,18.2
403.09,23.6,63.0,17.33
403.32,23.6,63.0,17.67
403.55,23.6,63.0,17.12
403.77,23.6,63.0,17.76
404.0,23.6,63.0,17.95
404.23,23.6,63.0,16.77
404.46,23.6,63.0,16.32
404.69,23.6,63.0,17.41
404.92,23.6,63.0,16.57
405.17,23.7,63.0,18.55
405.4,23.7,63.0,15.86
405.62,23.7,63.0,18.95
405.85,23.7,63.0,16.51
406.08,23.7,63.0,17.15
406.31,23.7,63.0,17.9
406.54,23.7,63.0,17.61
406.76,23.7,63.0,16.83
406.99,23.7,63.0,17.54
407.24,23.6,63.0,16.9
407.47,23.6,63.0,17.48
407.7,23.6,63.0,17.48
407.93,23.6,63.0,16.67
408.16,23.6,63.0,18.47
408.39,23.6,63.0,17.02
408.61,23.6,63.0,17.51
408.84,23.6,63.0,16.93
409.07,23.6,63.0,17.91
409.32,23.6,63.0,18.02
409.55,23.6,63.0,18.78
409.78,23.6,63.0,16.47
410.01,23.6,63.0,18.59
410.23,23.6,63.0,15.9
410.46,23.6,63.0,17.72
410.69,23.6,63.0,17.55
410.92,23.6,63.0,17.8
411.15,23.6,63.0,17.28
411.4,23.6,63.0,17.7
411.63,23.6,63.0,17.17
411.86,23.6,63.0,16.86
412.08,23.6,63.0,17.56
412.31,23.6,63.0,15.57
412.54,23.6,63.0,17.21
412.77,23.6,63.0,17.46
412.99,23.6,63.0,16.34
413.22,23.6,63.0,18.21
413.48,23.7,63.0,16.47
413.7,23.7,63.0,17.76
413.93,23.7,63.0,16.52
414.16,23.7,63.0,15.61
414.39,23.7,63.0,17.62
414.62,23.7,63.0,17.15
414.84,23.7,63.0,15.46
415.07,23.7,63.0,16.9
415.3,23.7,63.0,17.46
415.55,23.7,63.0,17.85
415.78,23.7,63.0,16.5
416.01,23.7,63.0,15.83
416.24,23.7,63.0,17.1
416.46,23.7,63.0,16.2
416.69,23.7,63.0,16.62
416.92,23.7,63.0,17.38
417.15,23.7,63.0,17.51
417.38,23.7,63.0,15.84
417.63,23.7,62.0,17.28
417.86,23.7,62.0,16.74
418.09,23.7,62.0,17.58
418.31,23.7,62.0,17.08
418.54,23.7,62.0,16.23
418.77,23.7,62.0,19.32
419.0,23.7,62.0,16.58
419.23,23.7,62.0,16.12
419.45,23.7,62.0,16.88
419.71,23.7,62.0,18.08
419.93,23.7,62.0,17.05
420.16,23.7,62.0,16.14
420.39,23.7,62.0,16.67
420.62,23.7,62.0,17.17
420.85,23.7,62.0,15.97
421.08,23.7,62.0,16.14
421.3,23.7,62.0,16.87
421.53,23.7,62.0,16.31
421.78,23.7,62.0,18.03
422.01,23.7,62.0,16.44
422.24,23.7,62.0,15.88
422.47,23.7,62.0,17.62
422.7,23.7,62.0,15.58
422.92,23.7,62.0,16.92
423.15,23.7,62.0,17.42
423.38,23.7,62.0,15.22
423.61,23.7,62.0,16.55
423.86,23.7,62.0,15.9
424.09,23.7,62.0,16.32
424.32,23.7,62.0,17.11
424.55,23.7,62.0,17.39
424.77,23.7,62.0,16.59
425.0,23.7,62.0,16.33
425.23,23.7,62.0,15.23
425.46,23.7,62.0,16.45
425.68,23.7,62.0,17.12
425.94,23.7,62.0,17.38
426.17,23.7,62.0,17.03
426.39,23.7,62.0,15.35
426.62,23.7,62.0,16.39
426.85,23.7,62.0,16.33
427.08,23.7,62.0,15.46
427.31,23.7,62.0,16.97
427.53,23.7,62.0,16.88
427.76,23.7,62.0,14.96
428.02,23.7,62.0,15.99
428.24,23.7,62.0,15.39
428.47,23.7,62.0,17.17
428.7,23.7,62.0,16.45
428.93,23.7,62.0,14.44
429.15,23.7,62.0,16.08
429.38,23.7,62.0,17.61
429.61,23.7,62.0,15.64
429.84,23.7,62.0,16.77
430.09,23.7,62.0,16.12
430.32,23.7,62.0,16.92
430.55,23.7,62.0,16.74
430.78,23.7,62.0,15.22
431.0,23.7,62.0,17.5
431.23,23.7,62.0,17.42
431.46,23.7,62.0,17.23
431.69,23.7,62.0,17.67
431.92,23.7,62.0,17.69
432.17,23.7,62.0,17.74
432.4,23.7,62.0,16.66
432.62,23.7,62.0,16.5
432.85,23.7,62.0,17.07
433.08,23.7,62.0,17.19
433.31,23.7,62.0,16.33
433.54,23.7,62.0,17.72
433.77,23.7,62.0,17.14
433.99,23.7,62.0,15.92
434.25,23.7,62.0,16.86
434.47,23.7,62.0,16.64
434.7,23.7,62.0,17.6
434.93,23.7,62.0,15.95
435.16,23.7,62.0,15.96
435.39,23.7,62.0,17.63
435.61,23.7,62.0,16.49
435.84,23.7,62.0,15.2
436.07,23.7,62.0,17.26
436.32,23.7,62.0,17.47
436.55,23.7,62.0,16.91
436.78,23.7,62.0,16.0
437.01,23.7,62.0,16.75
437.23,23.7,62.0,16.86
437.46,23.7,62.0,15.41
437.69,23.7,62.0,16.31
437.92,23.7,62.0,18.07
438.15,23.7,62.0,15.83
438.4,23.7,62.0,18.01
438.63,23.7,62.0,14.87
438.86,23.7,62.0,17.04
439.08,23.7,62.0,17.02
439.31,23.7,62.0,16.45
439.54,23.7,62.0,16.85
439.77,23.7,62.0,17.58
440.0,23.7,62.0,17.53
440.22,23.7,62.0,16.1
440.48,23.7,62.0,16.18
440.7,23.7,62.0,16.71
440.93,23.7,62.0,16.23
441.16,23.7,62.0,15.9
441.39,23.7,62.0,16.68
441.62,23.7,62.0,17.25
441.85,23.7,62.0,16.22
442.07,23.7,62.0,15.73
442.3,23.7,62.0,17.71
442.55,23.7,62.0,18.13
442.78,23.7,62.0,16.9
443.01,23.7,62.0,10.14
443.24,23.7,62.0,8.31
443.47,23.7,62.0,8.89
443.69,23.7,62.0,7.52
443.92,23.7,62.0,9.14
444.15,23.7,62.0,8.54
444.38,23.7,62.0,8.22
444.63,23.7,62.0,8.67
444.86,23.7,62.0,7.24
445.09,23.7,62.0,9.19
445.32,23.7,62.0,8.51
445.54,23.7,62.0,7.59
445.77,23.7,62.0,9.18
446.0,23.7,62.0,8.66
446.23,23.7,62.0,7.93
446.45,23.7,62.0,8.52
446.71,23.7,62.0,8.38
446.94,23.7,62.0,8.78
447.16,23.7,62.0,8.78
447.39,23.7,62.0,7.91
447.62,23.7,62.0,9.29
447.85,23.7,62.0,11.31
448.08,23.7,62.0,7.76
448.3,23.7,62.0,9.11
448.53,23.7,62.0,8.78
448.79,23.7,62.0,8.74
449.01,23.7,62.0,8.46
449.24,23.7,62.0,8.09
449.47,23.7,62.0,8.62
449.7,23.7,62.0,18.07
449.92,23.7,62.0,14.73
450.15,23.7,62.0,17.66
450.38,23.7,62.0,17.09
450.61,23.7,62.0,15.62
450.86,23.7,62.0,15.18
451.09,23.7,62.0,15.44
451.32,23.7,62.0,16.44
451.55,23.7,62.0,16.48
451.77,23.7,62.0,15.34
452.0,23.7,62.0,16.88
452.23,23.7,62.0,17.31
452.46,23.7,62.0,15.49
452.69,23.7,62.0,16.79
452.94,23.7,62.0,16.45
453.17,23.7,62.0,17.19
453.39,23.7,62.0,16.04
453.62,23.7,62.0,14.8
453.85,23.7,62.0,17.24
454.08,23.7,62.0,16.48
454.31,23.7,62.0,14.97
454.54,23.7,62.0,16.75
454.76,23.7,62.0,16.14
455.02,23.7,62.0,17.46
455.24,23.7,62.0,16.44
455.47,23.7,62.0,15.48
455.7,23.7,62.0,16.72
455.93,23.7,62.0,16.49
456.16,23.7,62.0,15.15
456.38,23.7,62.0,16.62
456.61,23.7,62.0,16.55
456.84,23.7,62.0,15.44
457.09,23.7,62.0,11.45
457.32,23.7,62.0,15.21
457.55,23.7,62.0,17.02
457.78,23.7,62.0,16.05
458.01,23.7,62.0,15.36
458.23,23.7,62.0,16.56
458.46,23.7,62.0,16.17
458.69,23.7,62.0,15.01
458.92,23.7,62.0,16.72
459.17,23.7,62.0,15.24
459.4,23.7,62.0,16.0
459.63,23.7,62.0,16.07
459.85,23.7,62.0,15.58
460.08,23.7,62.0,17.22
460.31,23.7,62.0,15.57
460.54,23.7,62.0,14.62
460.77,23.7,62.0,16.4
460.99,23.7,62.0,15.47
461.25,23.7,62.0,15.98
461.48,23.7,62.0,16.59
461.7,23.7,62.0,15.7
461.93,23.7,62.0,16.54
462.16,23.7,62.0,14.92
462.39,23.7,62.0,14.17
462.61,23.7,62.0,17.75
462.84,23.7,62.0,15.77
463.07,23.7,62.0,16.03
463.32,23.6,62.0,17.15
463.55,23.6,62.0,15.73
463.78,23.6,62.0,16.44
464.01,23.6,62.0,16.01
464.24,23.6,62.0,15.18
464.46,23.6,62.0,16.31
464.69,23.6,62.0,15.72
464.92,23.6,62.0,14.22
465.15,23.6,62.0,16.26
465.4,23.6,62.0,15.47
465.63,23.6,62.0,16.28
465.86,23.6,62.0,16.02
466.08,23.6,62.0,15.42
466.31,23.6,62.0,17.14
466.54,23.6,62.0,15.5
466.77,23.6,62.0,14.71
467.0,23.6,62.0,16.33
467.23,23.6,62.0,16.02
467.48,23.7,62.0,16.87
467.71,23.7,62.0,15.48
467.93,23.7,62.0,15.3
468.16,23.7,62.0,16.61
468.39,23.7,62.0,15.37
468.62,23.7,62.0,14.33
468.85,23.7,62.0,16.14
469.07,23.7,62.0,15.81
469.3,23.7,62.0,14.57
469.55,23.6,62.0,15.36
469.78,23.6,62.0,15.38
470.01,23.6,62.0,14.97
470.24,23.6,62.0,14.91
470.47,23.6,62.0,14.43
470.7,23.6,62.0,16.8
470.92,23.6,62.0,15.64
471.15,23.6,62.0,15.26
471.38,23.6,62.0,17.07
471.63,23.6,62.0,14.26
471.86,23.6,62.0,15.01
472.09,23.6,62.0,15.66
472.32,23.6,62.0,15.32
472.54,23.6,62.0,16.88
472.77,23.6,62.0,16.25
473.0,23.6,62.0,14.36
473.23,23.6,62.0,15.4
473.46,23.6,62.0,15.56
473.71,23.6,62.0,17.62
473.94,23.6,62.0,14.49
474.17,23.6,62.0,15.63
474.39,23.6,62.0,16.52
474.62,23.6,62.0,15.11
474.85,23.6,62.0,14.65
475.08,23.6,62.0,16.09
475.3,23.6,62.0,14.99
475.53,23.6,62.0,14.3
475.79,23.6,62.0,14.96
476.01,23.6,62.0,14.63
476.24,23.6,62.0,16.89
476.47,23.6,62.0,14.94
476.7,23.6,62.0,13.64
476.93,23.6,62.0,15.8
477.15,23.6,62.0,15.52
477.38,23.6,62.0,14.77
477.61,23.6,62.0,16.55
477.86,23.6,62.0,15.59
478.09,23.6,62.0,16.26
478.32,23.6,62.0,14.75
478.55,23.6,62.0,14.92
478.77,23.6,62.0,16.47
479.0,23.6,62.0,15.73
479.23,23.6,62.0,14.31
479.46,23.6,62.0,17.2
479.69,23.6,62.0,15.0
479.94,23.6,62.0,16.54
480.17,23.6,62.0,14.48
480.4,23.6,62.0,15.28
480.62,23.6,62.0,14.77
480.85,23.6,62.0,15.53
481.08,23.6,62.0,15.47
481.31,23.6,62.0,15.82
481.54,23.6,62.0,16.18
481.76,23.6,62.0,14.46
482.02,23.6,62.0,14.33
482.24,23.6,62.0,15.09
482.47,23.6,62.0,16.05
482.7,23.6,62.0,15.27
482.93,23.6,62.0,14.33
483.16,23.6,62.0,15.92
483.39,23.6,62.0,14.2
483.61,23.6,62.0,14.33
483.84,23.6,62.0,16.69
484.09,23.6,62.0,14.05
484.32,23.6,62.0,16.29
484.55,23.6,62.0,15.96
484.78,23.6,62.0,15.45
485.01,23.6,62.0,16.28
485.23,23.6,62.0,15.39
485.46,23.6,62.0,13.56
485.69,23.6,62.0,16.05
485.92,23.6,62.0,15.03
486.17,23.6,62.0,16.47
486.4,23.6,62.0,14.29
486.63,23.6,62.0,14.15
486.86,23.6,62.0,15.34
487.08,23.6,62.0,14.39
487.31,23.6,62.0,16.26
487.54,23.6,62.0,17.07
487.77,23.6,62.0,15.33
487.99,23.6,62.0,14.0
488.25,23.6,62.0,14.41
488.48,23.6,62.0,14.62
488.7,23.6,62.0,14.85
488.93,23.6,62.0,14.09
489.16,23.6,62.0,14.34
489.39,23.6,62.0,15.93
489.62,23.6,62.0,14.4
489.84,23.6,62.0,15.1
490.07,23.6,62.0,16.33
490.33,23.6,62.0,15.16
490.55,23.6,62.0,16.65
490.78,23.6,62.0,14.46
491.01,23.6,62.0,14.19
491.24,23.6,62.0,15.23
491.46,23.6,62.0,15.53
491.69,23.6,62.0,13.46
491.92,23.6,62.0,16.11
492.15,23.6,62.0,14.2
492.4,23.6,62.0,15.39
492.63,23.6,62.0,12.83
492.86,23.6,62.0,14.32
493.09,23.6,62.0,15.25
493.31,23.6,62.0,15.3
493.54,23.6,62.0,14.13
493.77,23.6,62.0,15.28
494.0,23.6,62.0,13.78
494.23,23.6,62.0,15.03
494.48,23.6,62.0,15.5
494.71,23.6,62.0,15.96
494.93,23.6,62.0,16.36
495.16,23.6,62.0,16.45
495.39,23.6,62.0,14.8
495.62,23.6,62.0,16.22
495.85,23.6,62.0,14.73
496.08,23.6,62.0,14.93
496.3,23.6,62.0,16.87
496.56,23.6,62.0,16.58
496.78,23.6,62.0,16.28
497.01,23.6,62.0,15.82
497.24,23.6,62.0,15.52
497.47,23.6,62.0,16.6
497.7,23.6,62.0,15.38
497.92,23.6,62.0,16.08
498.15,23.6,62.0,16.31
498.38,23.6,62.0,16.0
498.63,23.6,62.0,17.96
498.86,23.6,62.0,14.53
499.09,23.6,62.0,16.3
499.32,23.6,62.0,17.27
499.55,23.6,62.0,15.73
499.77,23.6,62.0,16.27
500.0,23.6,62.0,16.92
500.23,23.6,62.0,15.58
500.46,23.6,62.0,16.02
500.71,23.6,62.0,15.33
500.94,23.6,62.0,17.4
501.17,23.6,62.0,15.96
501.39,23.6,62.0,15.81
501.62,23.6,62.0,15.77
501.85,23.6,62.0,15.47
502.08,23.6,62.0,15.04
502.31,23.6,62.0,17.43
502.53,23.6,62.0,16.12
502.79,23.6,62.0,16.28
503.02,23.6,62.0,15.62
503.24,23.6,62.0,14.86
503.47,23.6,62.0,15.92
503.7,23.6,62.0,16.88
503.93,23.6,62.0,15.79
504.15,23.6,62.0,16.57
504.38,23.6,62.0,15.6
504.61,23.6,62.0,15.24
504.86,23.6,62.0,16.09
505.09,23.6,62.0,15.79
505.32,23.6,62.0,16.58
505.55,23.6,62.0,15.48
505.78,23.6,62.0,15.71
506.0,23.6,62.0,17.27
506.23,23.6,62.0,16.72
506.46,23.6,62.0,16.08
506.69,23.6,62.0,16.77
506.94,23.6,62.0,15.84
507.17,23.6,62.0,16.14
507.4,23.6,62.0,15.34
507.62,23.6,62.0,14.89
507.85,23.6,62.0,16.7
508.08,23.6,62.0,15.99
508.31,23.6,62.0,15.39
508.54,23.6,62.0,17.65
508.77,23.6,62.0,16.89
509.02,23.6,62.0,17.09
509.25,23.6,62.0,15.42
509.47,23.6,62.0,15.63
509.7,23.6,62.0,15.46
509.93,23.6,62.0,15.67
510.16,23.6,62.0,15.47
510.39,23.6,62.0,16.2
510.61,23.6,62.0,13.83
510.84,23.6,62.0,15.04
511.1,23.7,62.0,14.94
511.32,23.7,62.0,17.11
511.55,23.7,62.0,15.59
511.78,23.7,62.0,15.25
512.01,23.7,62.0,16.89
512.23,23.7,62.0,16.61
512.46,23.7,62.0,15.66
512.69,23.7,62.0,15.99
512.92,23.7,62.0,15.34
513.17,23.7,62.0,16.86
513.4,23.7,62.0,15.63
513.63,23.7,62.0,15.84
513.86,23.7,62.0,17.03
514.08,23.7,62.0,15.26
514.31,23.7,62.0,15.03
514.54,23.7,62.0,16.59
514.77,23.7,62.0,15.68
515.0,23.7,62.0,16.81
515.25,23.7,62.0,16.38
515.48,23.7,62.0,15.9
515.71,23.7,62.0,15.98
515.93,23.7,62.0,14.83
516.16,23.7,62.0,15.44
516.39,23.7,62.0,16.42
516.62,23.7,62.0,15.43
516.84,23.7,62.0,15.7
517.07,23.7,62.0,16.37
517.33,23.7,62.0,15.42
517.55,23.7,62.0,16.47
517.78,23.7,62.0,16.44
518.01,23.7,62.0,15.48
518.24,23.7,62.0,16.59
518.47,23.7,62.0,15.42
518.69,23.7,62.0,15.86
518.92,23.7,62.0,17.86
519.15,23.7,62.0,16.18
519.4,23.7,62.0,15.72
519.63,23.7,62.0,15.41
519.86,23.7,62.0,15.81
520.09,23.7,62.0,16.62
520.32,23.7,62.0,15.41
520.54,23.7,62.0,15.81
520.77,23.7,62.0,16.34
521.0,23.7,62.0,15.03
521.23,23.7,62.0,15.31
521.48,23.7,62.0,15.56
521.71,23.7,62.0,16.78
521.94,23.7,62.0,16.19
522.16,23.7,62.0,16.45
522.39,23.7,62.0,15.58
522.62,23.7,62.0,16.02
522.85,23.7,62.0,16.13
523.08,23.7,62.0,14.97
523.3,23.7,62.0,17.57
523.56,23.7,62.0,15.58
523.78,23.7,62.0,15.88
524.01,23.7,62.0,15.96
524.24,23.7,62.0,16.17
524.47,23.7,62.0,16.69
524.7,23.7,62.0,15.92
524.92,23.7,62.0,15.66
525.15,23.7,62.0,17.56
525.38,23.7,62.0,15.83
525.63,23.6,62.0,16.05
525.86,23.6,62.0,14.64
526.09,23.6,62.0,17.28
526.32,23.6,62.0,16.11
526.55,23.6,62.0,14.86
526.77,23.6,62.0,16.83
527.0,23.6,62.0,16.48
527.23,23.6,62.0,15.19
527.46,23.6,62.0,15.7
527.71,23.7,62.0,16.0
527.94,23.7,62.0,16.85
528.17,23.7,62.0,16.87
528.4,23.7,62.0,15.01
528.62,23.7,62.0,16.75
528.85,23.7,62.0,18.08
529.08,23.7,62.0,14.64
529.31,23.7,62.0,17.07
529.53,23.7,62.0,16.97
529.79,23.7,62.0,16.25
530.02,23.7,62.0,16.76
530.24,23.7,62.0,15.87
530.47,23.7,62.0,17.22
530.7,23.7,62.0,17.57
530.93,23.7,62.0,15.34
531.16,23.7,62.0,17.53
531.38,23.7,62.0,15.63
531.61,23.7,62.0,14.92
531.86,23.7,62.0,16.48
532.09,23.7,62.0,15.41
532.32,23.7,62.0,16.75
532.55,23.7,62.0,16.02
532.78,23.7,62.0,14.64
533.01,23.7,62.0,16.94
533.23,23.7,62.0,17.56
533.46,23.7,62.0,15.06
533.69,23.7,62.0,17.67
533.94,23.7,62.0,14.46
534.17,23.7,62.0,16.45
534.4,23.7,62.0,15.68
534.63,23.7,62.0,15.5
534.85,23.7,62.0,17.77
535.08,23.7,62.0,16.19
535.31,23.7,62.0,15.38
535.54,23.7,62.0,16.64
535.77,23.7,62.0,15.84
536.02,23.7,62.0,17.18
536.25,23.7,62.0,15.68
536.47,23.7,62.0,15.46
536.7,23.7,62.0,16.73
536.93,23.7,62.0,16.0
537.16,23.7,62.0,14.44
537.39,23.7,62.0,16.52
537.61,23.7,62.0,15.07
537.84,23.7,62.0,15.34
538.1,23.7,62.0,15.34
538.32,23.7,62.0,14.32
538.55,23.7,62.0,16.02
538.78,23.7,62.0,14.66
539.01,23.7,62.0,14.96
539.24,23.7,62.0,15.82
539.46,23.7,62.0,15.33
539.69,23.7,62.0,14.72
539.92,23.7,62.0,14.99
540.17,23.6,62.0,14.05
540.4,23.6,62.0,15.74
540.63,23.6,62.0,15.56
540.86,23.6,62.0,14.2
541.09,23.6,62.0,16.24
541.31,23.6,62.0,14.45
541.54,23.6,62.0,14.91
541.77,23.6,62.0,15.96
542.0,23.6,62.0,15.89
542.25,23.6,62.0,17.07
542.48,23.6,62.0,15.72
542.71,23.6,62.0,14.65
542.93,23.6,62.0,15.03
543.16,23.6,62.0,15.1
543.39,23.6,62.0,13.71
543.62,23.6,62.0,15.38
543.85,23.6,62.0,15.77
544.07,23.6,62.0,13.54
544.33,23.6,62.0,15.36
544.55,23.6,62.0,14.81
544.78,23.6,62.0,16.52
545.01,23.6,62.0,14.91
545.24,23.6,62.0,15.32
545.47,23.6,62.0,16.23
545.7,23.6,62.0,15.07
545.92,23.6,62.0,15.1
546.15,23.6,62.0,16.47
546.4,23.6,62.0,15.47
546.63,23.6,62.0,16.27
546.86,23.6,62.0,15.5
547.09,23.6,62.0,15.36
547.32,23.6,62.0,16.02
547.54,23.6,62.0,15.37
547.77,23.6,62.0,14.11
548.0,23.6,62.0,16.21
548.23,23.6,62.0,14.86
548.48,23.6,62.0,16.42
548.71,23.6,62.0,14.57
548.94,23.6,62.0,16.02
549.16,23.6,62.0,17.17
549.39,23.6,62.0,15.01
549.62,23.6,62.0,15.21
549.85,23.6,62.0,15.76
550.08,23.6,62.0,16.21
550.3,23.6,62.0,14.72
550.56,23.6,62.0,14.81
550.79,23.6,62.0,15.73
551.01,23.6,62.0,15.83
551.24,23.6,62.0,14.23
551.47,23.6,62.0,14.65
551.7,23.6,62.0,16.59
551.93,23.6,62.0,14.8
552.15,23.6,62.0,14.11
552.38,23.6,62.0,16.23
552.64,23.6,62.0,15.84
552.86,23.6,62.0,16.9
553.09,23.6,62.0,15.09
553.32,23.6,62.0,15.54
553.55,23.6,62.0,16.03
553.78,23.6,62.0,15.36
554.0,23.6,62.0,14.49
554.23,23.6,62.0,15.63
554.46,23.6,62.0,15.41
554.71,23.6,62.0,15.52
554.94,23.6,62.0,15.02
555.17,23.6,62.0,16.83
555.4,23.6,62.0,16.16
555.62,23.6,62.0,14.25
555.85,23.6,62.0,16.18
556.08,23.6,62.0,16.41
556.31,23.6,62.0,14.27
556.54,23.6,62.0,15.5
556.79,23.6,62.0,14.92
557.02,23.6,62.0,15.43
557.24,23.6,62.0,15.88
557.47,23.6,62.0,14.31
557.7,23.6,62.0,15.26
557.93,23.6,62.0,15.63
558.16,23.6,62.0,16.07
558.39,23.6,62.0,14.5
558.61,23.6,62.0,15.91
558.87,23.6,62.0,15.14
559.09,23.6,62.0,16.18
559.32,23.6,62.0,14.21
559.55,23.6,62.0,14.83
559.78,23.6,62.0,16.19
560.01,23.6,62.0,15.25
560.23,23.6,62.0,16.31
560.46,23.6,62.0,15.94
560.69,23.6,62.0,15.45
560.94,23.6,61.0,15.74
561.17,23.6,61.0,15.6
561.4,23.6,61.0,17.11
561.63,23.6,61.0,14.86
561.85,23.6,61.0,15.33
562.08,23.6,61.0,15.77
562.31,23.6,61.0,16.24
562.54,23.6,61.0,14.42
562.77,23.6,61.0,16.1
563.02,23.6,61.0,14.86
563.25,23.6,61.0,15.56
563.48,23.6,61.0,15.59
563.7,23.6,61.0,15.06
563.93,23.6,61.0,15.73
564.16,23.6,61.0,16.39
564.39,23.6,61.0,14.68
564.62,23.6,61.0,16.47
564.84,23.6,61.0,16.3
565.1,23.6,61.0,16.42
565.33,23.6,61.0,15.24
565.55,23.6,61.0,14.13
565.78,23.6,61.0,16.88
566.01,23.6,61.0,15.19
566.24,23.6,61.0,14.67
566.47,23.6,61.0,16.59
566.69,23.6,61.0,16.2
566.92,23.6,61.0,13.91
567.17,23.6,61.0,14.96
567.4,23.6,61.0,15.18
567.63,23.6,61.0,16.27
567.86,23.6,61.0,15.0
568.09,23.6,61.0,15.79
568.31,23.6,61.0,15.24
568.54,23.6,61.0,15.22
568.77,23.6,61.0,15.22
569.0,23.6,61.0,16.31
569.25,23.6,61.0,16.03
569.48,23.6,61.0,16.57
569.71,23.6,61.0,14.65
569.93,23.6,61.0,15.88
570.16,23.6,61.0,16.09
570.39,23.6,61.0,14.8
570.62,23.6,61.0,15.17
570.85,23.6,61.0,16.05
571.08,23.6,61.0,14.7
571.33,23.6,61.0,16.36
571.56,23.6,61.0,14.06
571.78,23.6,61.0,15.53
572.01,23.6,61.0,17.16
572.24,23.6,61.0,14.92
572.47,23.6,61.0,15.79
572.7,23.6,61.0,16.39
572.92,23.6,61.0,15.81
573.15,23.6,61.0,15.79
573.41,23.6,61.0,15.31
573.63,23.6,61.0,15.74
573.86,23.6,61.0,15.98
574.09,23.6,61.0,14.33
574.32,23.6,61.0,16.1
574.54,23.6,61.0,16.29
574.77,23.6,61.0,15.39
575.0,23.6,61.0,16.04
575.23,23.6,61.0,16.56
575.48,23.6,61.0,15.65
575.71,23.6,61.0,15.52
575.94,23.6,61.0,15.46
576.17,23.6,61.0,16.5
576.39,23.6,61.0,15.01
576.62,23.6,61.0,14.05
576.85,23.6,61.0,16.98
577.08,23.6,61.0,15.68
577.31,23.6,61.0,14.07
577.56,23.6,61.0,15.42
577.79,23.6,61.0,15.07
578.02,23.6,61.0,16.56
578.24,23.6,61.0,15.09
578.47,23.6,61.0,15.69
578.7,23.6,61.0,15.57
578.93,23.6,61.0,15.69
579.16,23.6,61.0,14.92
579.38,23.6,61.0,16.19
579.64,23.6,61.0,16.01
579.86,23.6,61.0,16.91
580.09,23.6,61.0,15.33
580.32,23.6,61.0,15.01
580.55,23.6,61.0,16.9
580.78,23.6,61.0,15.51
581.0,23.6,61.0,15.21
581.23,23.6,61.0,15.76
581.46,23.6,61.0,15.29
581.71,23.6,61.0,17.27
581.94,23.6,61.0,14.65
582.17,23.6,61.0,15.76
582.4,23.6,61.0,15.86
582.62,23.6,61.0,14.7
582.85,23.6,61.0,15.29
583.08,23.6,61.0,15.35
583.31,23.6,61.0,15.31
583.54,23.6,61.0,14.62
583.79,23.6,61.0,14.9
584.02,23.6,61.0,15.67
584.25,23.6,61.0,15.75
584.47,23.6,61.0,14.31
584.7,23.6,61.0,14.03
584.93,23.6,61.0,16.13
585.16,23.6,61.0,15.18
585.39,23.6,61.0,15.1
585.61,23.6,61.0,16.59
585.87,23.6,61.0,16.04
586.09,23.6,61.0,15.59
586.32,23.6,61.0,14.77
586.55,23.6,61.0,14.7
586.78,23.6,61.0,16.19
587.01,23.6,61.0,14.02
587.23,23.6,61.0,16.14
587.46,23.6,61.0,15.68
587.69,23.6,61.0,14.32
587.94,23.6,61.0,16.52
588.17,23.6,61.0,14.37
588.4,23.6,61.0,16.05
588.63,23.6,61.0,15.36
588.86,23.6,61.0,14.91
589.08,23.6,61.0,15.76
589.31,23.6,61.0,15.59
589.54,23.6,61.0,14.53
589.77,23.6,61.0,16.04
590.02,23.6,61.0,14.53
590.25,23.6,61.0,16.98
590.48,23.6,61.0,15.47
590.71,23.6,61.0,13.42
590.93,23.6,61.0,16.15
591.16,23.6,61.0,15.34
591.39,23.6,61.0,13.97
591.62,23.6,61.0,16.46
591.84,23.6,61.0,15.71
592.1,23.6,61.0,16.05
592.33,23.6,61.0,15.58
592.55,23.6,61.0,14.07
592.78,23.6,61.0,15.82
593.01,23.6,61.0,15.75
593.24,23.6,61.0,14.88
593.47,23.6,61.0,15.81
593.69,23.6,61.0,15.42
593.92,23.6,61.0,13.93
594.17,23.6,61.0,14.48
594.4,23.6,61.0,14.5
594.63,23.6,61.0,16.16
594.86,23.6,61.0,15.69
595.09,23.6,61.0,13.64
595.32,23.6,61.0,14.93
595.54,23.6,61.0,15.77
595.77,23.6,61.0,15.17
596.0,23.6,61.0,16.23
596.25,23.6,61.0,14.17
596.48,23.6,61.0,15.25
596.71,23.6,61.0,15.84
596.94,23.6,61.0,15.28
597.16,23.6,61.0,15.91
597.39,23.6,61.0,15.45
597.62,23.6,61.0,14.54
597.85,23.6,61.0,15.82
598.08,23.6,61.0,15.01
598.33,23.6,61.0,17.31
598.56,23.6,61.0,15.67
598.78,23.6,61.0,14.27
599.01,23.6,61.0,16.5
599.24,23.6,61.0,14.87
599.47,23.6,61.0,14.38
599.7,23.6,61.0,15.96
599.92,23.6,61.0,15.54
600.15,23.6,61.0,14.97
600.41,23.6,61.0,15.3
600.63,23.6,61.0,15.22
600.86,23.6,61.0,15.87
601.09,23.6,61.0,17.12
601.32,23.6,61.0,14.0
601.55,23.6,61.0,15.12
601.77,23.6,61.0,15.31
602.0,23.6,61.0,14.13
602.23,23.6,61.0,16.19
602.48,23.6,61.0,14.66
602.71,23.6,61.0,15.72
602.94,23.6,61.0,15.43
603.17,23.6,61.0,14.22
603.4,23.6,61.0,15.12
603.62,23.6,61.0,15.73
603.85,23.6,61.0,14.16
604.08,23.6,61.0,15.7
604.31,23.6,61.0,15.6
604.56,23.6,61.0,16.39
604.79,23.6,61.0,14.36
605.02,23.6,61.0,14.63
605.24,23.6,61.0,17.15
605.47,23.6,61.0,15.36
605.7,23.6,61.0,14.57
605.93,23.6,61.0,18.25
606.16,23.6,61.0,15.8
606.38,23.6,61.0,15.31
606.64,23.7,61.0,14.82
606.86,23.7,61.0,16.4
607.09,23.7,61.0,14.85
607.32,23.7,61.0,15.42
607.55,23.7,61.0,14.64
607.78,23.7,61.0,15.43
608.01,23.7,61.0,15.95
608.23,23.7,61.0,14.32
608.46,23.7,61.0,16.12
608.71,23.6,61.0,15.54
608.94,23.6,61.0,15.31
609.17,23.6,61.0,14.2
609.4,23.6,61.0,14.68
609.63,23.6,61.0,16.0
609.85,23.6,61.0,14.43
610.08,23.6,61.0,13.77
610.31,23.6,61.0,15.9
610.54,23.6,61.0,14.89
610.79,23.6,61.0,16.44
611.02,23.6,61.0,13.91
611.25,23.6,61.0,16.21
611.47,23.6,61.0,15.81
611.7,23.6,61.0,15.23
611.93,23.6,61.0,15.2
612.16,23.6,61.0,17.54
612.39,23.6,61.0,14.65
612.61,23.6,61.0,12.71
612.87,23.6,61.0,14.47
613.1,23.6,61.0,15.51
613.32,23.6,61.0,15.16
613.55,23.6,61.0,15.02
613.78,23.6,61.0,16.58
614.01,23.6,61.0,16.84
614.24,23.6,61.0,15.56
614.46,23.6,61.0,15.98
614.69,23.6,61.0,16.75
614.95,23.7,61.0,18.34
615.17,23.7,61.0,16.88
615.4,23.7,61.0,15.21
615.63,23.7,61.0,17.15
615.86,23.7,61.0,16.44
616.09,23.7,61.0,14.6
616.31,23.7,61.0,15.17
616.54,23.7,61.0,15.73
616.77,23.7,61.0,14.5
617.02,23.7,61.0,15.54
617.25,23.7,61.0,14.84
617.48,23.7,61.0,16.54
617.71,23.7,61.0,16.57
617.93,23.7,61.0,14.69
618.16,23.7,61.0,16.07
618.39,23.7,61.0,15.72
618.62,23.7,61.0,14.01
618.85,23.7,61.0,15.42
619.1,23.6,61.0,15.45
619.33,23.6,61.0,17.14
619.55,23.6,61.0,15.98
619.78,23.6,61.0,15.46
620.01,23.6,61.0,16.9
620.24,23.6,61.0,15.32
620.47,23.6,61.0,14.53
620.7,23.6,61.0,16.41
620.92,23.6,61.0,14.55
621.18,23.7,61.0,16.54
621.4,23.7,61.0,13.91
621.63,23.7,61.0,15.6
621.86,23.7,61.0,16.01
622.09,23.7,61.0,16.37
622.32,23.7,61.0,16.67
622.54,23.7,61.0,15.47
622.77,23.7,61.0,14.34
623.0,23.7,61.0,14.57
623.25,23.6,61.0,14.8
623.48,23.6,61.0,15.7
623.71,23.6,61.0,16.24
623.94,23.6,61.0,14.93
624.16,23.6,61.0,15.3
624.39,23.6,61.0,16.17
624.62,23.6,61.0,15.71
624.85,23.6,61.0,16.2
625.08,23.6,61.0,16.55
625.33,23.7,61.0,16.61
625.56,23.7,61.0,15.35
625.79,23.7,61.0,15.8
626.01,23.7,61.0,16.42
626.24,23.7,61.0,16.21
626.47,23.7,61.0,15.02
626.7,23.7,61.0,17.15
626.93,23.7,61.0,18.54
627.15,23.7,61.0,15.11
627.41,23.7,61.0,15.64
627.64,23.7,61.0,15.15
627.86,23.7,61.0,15.85
628.09,23.7,61.0,15.67
628.32,23.7,61.0,14.77
628.55,23.7,61.0,15.42
628.78,23.7,61.0,15.42
629.0,23.7,61.0,14.56
629.23,23.7,61.0,17.14
629.48,23.7,61.0,15.57
629.71,23.7,61.0,15.94
629.94,23.7,61.0,14.38
630.17,23.7,61.0,13.65
630.4,23.7,61.0,16.68
630.62,23.7,61.0,14.84
630.85,23.7,61.0,14.95
631.08,23.7,61.0,17.05
631.31,23.7,61.0,15.06
631.56,23.6,61.0,15.28
631.79,23.6,61.0,15.45
632.02,23.6,61.0,15.84
632.24,23.6,61.0,16.68
632.47,23.6,61.0,14.89
632.7,23.6,61.0,15.55
632.93,23.6,61.0,16.9
633.16,23.6,61.0,15.02
633.39,23.6,61.0,14.09
633.64,23.6,61.0,13.98
633.87,23.6,61.0,15.8
634.09,23.6,61.0,15.46
634.32,23.6,61.0,15.92
634.55,23.6,61.0,15.44
634.78,23.6,61.0,15.3
635.01,23.6,61.0,15.98
635.23,23.6,61.0,15.78
635.46,23.6,61.0,16.84
635.72,23.6,61.0,15.86
635.94,23.6,61.0,15.32
636.17,23.6,61.0,15.67
636.4,23.6,61.0,16.5
636.63,23.6,61.0,15.7
636.85,23.6,61.0,14.61
637.08,23.6,61.0,16.53
637.31,23.6,61.0,16.2
637.54,23.6,61.0,15.69
637.79,23.6,61.0,15.09
638.02,23.6,61.0,15.03
638.25,23.6,61.0,16.86
638.48,23.6,61.0,14.8
638.7,23.6,61.0,15.25
638.93,23.6,61.0,16.0
639.16,23.6,61.0,15.57
639.39,23.6,61.0,15.0
639.62,23.6,61.0,17.07
639.87,23.6,61.0,14.65
640.1,23.6,61.0,11.75
640.33,23.6,61.0,12.62
640.55,23.6,61.0,14.33
640.78,23.6,61.0,17.06
641.01,23.6,61.0,15.73
641.24,23.6,61.0,14.55
641.47,23.6,61.0,16.07
641.69,23.6,61.0,15.97
641.95,23.6,61.0,16.68
642.17,23.6,61.0,16.48
642.4,23.6,61.0,15.1
642.63,23.6,61.0,17.49
642.86,23.6,61.0,16.2
643.09,23.6,61.0,15.67
643.31,23.6,61.0,16.62
643.54,23.6,61.0,15.16
643.77,23.6,61.0,15.12
644.02,23.6,61.0,15.15
644.25,23.6,61.0,17.64
644.48,23.6,61.0,16.05
644.71,23.6,61.0,15.42
644.93,23.6,61.0,15.34
645.16,23.6,61.0,16.88
645.39,23.6,61.0,15.64
645.62,23.6,61.0,14.88
645.85,23.6,61.0,16.36
646.1,23.7,61.0,16.5
646.33,23.7,61.0,15.46
646.56,23.7,61.0,15.23
646.78,23.7,61.0,16.62
647.01,23.7,61.0,16.87
647.24,23.7,61.0,15.04
647.47,23.7,61.0,15.33
647.7,23.7,61.0,16.56
647.92,23.7,61.0,15.38
648.18,23.6,61.0,16.56
648.41,23.6,61.0,15.39
648.63,23.6,61.0,15.73
648.86,23.6,61.0,15.79
649.09,23.6,61.0,16.12
649.32,23.6,61.0,15.59
649.54,23.6,61.0,16.1
649.77,23.6,61.0,15.66
650.0,23.6,61.0,16.03
650.25,23.6,61.0,16.03
650.48,23.6,61.0,17.19
650.71,23.6,61.0,17.13
650.94,23.6,61.0,15.16
651.17,23.6,61.0,17.53
651.39,23.6,61.0,16.87
651.62,23.6,61.0,15.38
651.85,23.6,61.0,17.09
652.08,23.6,61.0,16.0
652.33,23.6,61.0,17.05
652.56,23.6,61.0,16.08
652.79,23.6,61.0,15.9
653.02,23.6,61.0,17.04
653.24,23.6,61.0,16.09
653.47,23.6,61.0,14.5
653.7,23.6,61.0,17.17
653.93,23.6,61.0,16.2
654.16,23.6,61.0,15.19
654.41,23.7,61.0,15.68
654.64,23.7,61.0,14.67
654.86,23.7,61.0,17.53
655.09,23.7,61.0,15.93
655.32,23.7,61.0,15.23
655.55,23.7,61.0,16.21
655.78,23.7,61.0,16.37
656.0,23.7,61.0,14.83
656.23,23.7,61.0,16.57
656.48,23.6,61.0,14.64
656.71,23.6,61.0,16.21
656.94,23.6,61.0,16.5
657.17,23.6,61.0,14.91
657.4,23.6,61.0,16.98
657.62,23.6,61.0,15.83
657.85,23.6,61.0,15.66
658.08,23.6,61.0,16.42
658.31,23.6,61.0,16.51
658.56,23.6,61.0,16.75
658.79,23.6,61.0,17.08
659.02,23.6,61.0,14.83
659.25,23.6,61.0,18.18
659.47,23.6,61.0,16.26
659.7,23.6,61.0,15.81
659.93,23.6,61.0,16.42
660.16,23.6,61.0,15.97
660.39,23.6,61.0,15.15
660.64,23.7,61.0,15.57
660.87,23.7,61.0,14.96
661.09,23.7,61.0,16.43
661.32,23.7,61.0,15.78
661.55,23.7,61.0,15.34
661.78,23.7,61.0,16.81
662.01,23.7,61.0,15.52
662.23,23.7,61.0,14.22
662.46,23.7,61.0,16.55
662.72,23.6,61.0,15.86
662.94,23.6,61.0,16.33
663.17,23.6,61.0,14.81
663.4,23.6,61.0,15.08
663.63,23.6,61.0,16.7
663.86,23.6,61.0,15.18
664.08,23.6,61.0,14.98
664.31,23.6,61.0,18.64
664.54,23.6,61.0,16.11
664.79,23.6,61.0,16.69
665.02,23.6,61.0,15.36
665.25,23.6,61.0,15.61
665.48,23.6,61.0,16.86
665.71,23.6,61.0,14.68
665.93,23.6,61.0,15.17
666.16,23.6,61.0,17.18
666.39,23.6,61.0,16.51
666.62,23.6,61.0,14.94
666.87,23.6,61.0,15.38
667.1,23.6,61.0,16.03
667.33,23.6,61.0,16.91
667.55,23.6,61.0,16.27
667.78,23.6,61.0,15.78
668.01,23.6,61.0,16.33
668.24,23.6,61.0,17.03
668.47,23.6,61.0,15.46
668.69,23.6,61.0,16.17
668.95,23.6,61.0,15.85
669.17,23.6,61.0,16.49
669.4,23.6,61.0,16.98
669.63,23.6,61.0,15.29
669.86,23.6,61.0,16.83
670.09,23.6,61.0,16.41
670.32,23.6,61.0,16.0
670.54,23.6,61.0,16.44
670.77,23.6,61.0,15.93
671.02,23.6,61.0,16.35
671.25,23.6,61.0,15.69
671.48,23.6,61.0,16.31
671.71,23.6,61.0,16.7
671.94,23.6,61.0,15.18
672.16,23.6,61.0,16.94
672.39,23.6,61.0,17.25
672.62,23.6,61.0,16.05
672.85,23.6,61.0,16.16
673.1,23.6,61.0,15.65
673.33,23.6,61.0,16.36
673.56,23.6,61.0,16.64
673.78,23.6,61.0,15.11
674.01,23.6,61.0,15.95
674.24,23.6,61.0,16.31
674.47,23.6,61.0,15.41
674.7,23.6,61.0,15.64
674.92,23.6,61.0,16.71
675.18,23.6,61.0,16.21
675.41,23.6,61.0,16.67
675.63,23.6,61.0,15.94
675.86,23.6,61.0,16.33
676.09,23.6,61.0,16.15
676.32,23.6,61.0,15.03
676.55,23.6,61.0,15.91
676.77,23.6,61.0,15.83
677.0,23.6,61.0,15.92
677.26,23.6,61.0,16.21
677.48,23.6,61.0,15.6
677.71,23.6,61.0,15.13
677.94,23.6,61.0,15.17
678.17,23.6,61.0,14.53
678.4,23.6,61.0,16.4
678.62,23.6,61.0,16.43
678.85,23.6,61.0,15.27
679.08,23.6,61.0,16.34
679.33,23.6,61.0,15.6
679.56,23.6,61.0,16.78
679.79,23.6,61.0,16.54
680.02,23.6,61.0,15.24
680.24,23.6,61.0,15.84
680.47,23.6,61.0,16.64
680.7,23.6,61.0,16.27
680.93,23.6,61.0,16.65
681.16,23.6,61.0,16.75
681.41,23.6,61.0,16.95
681.64,23.6,61.0,15.67
681.86,23.6,61.0,14.35
682.09,23.6,61.0,17.45
682.32,23.6,61.0,16.03
682.55,23.6,61.0,16.2
682.78,23.6,61.0,17.46
683.01,23.6,61.0,17.23
683.23,23.6,61.0,16.27
683.49,23.6,61.0,16.11
683.71,23.6,61.0,15.75
683.94,23.6,61.0,17.82
684.17,23.6,61.0,16.35
684.4,23.6,61.0,16.09
684.63,23.6,61.0,16.31
684.85,23.6,61.0,14.83
685.08,23.6,61.0,15.81
685.31,23.6,61.0,16.65
685.56,23.6,61.0,16.73
685.79,23.6,61.0,16.19
686.02,23.6,61.0,14.95
686.25,23.6,61.0,16.64
686.47,23.6,61.0,16.09
686.7,23.6,61.0,16.6
686.93,23.6,61.0,15.75
687.16,23.6,61.0,16.75
687.39,23.6,61.0,15.49
687.64,23.6,61.0,16.64
687.87,23.6,61.0,15.97
688.1,23.6,61.0,16.02
688.32,23.6,61.0,17.48
688.55,23.6,61.0,15.71
688.78,23.6,61.0,16.31
689.01,23.6,61.0,15.85
689.24,23.6,61.0,14.7
689.46,23.6,61.0,15.64
689.72,23.6,61.0,15.73
689.95,23.6,61.0,16.94
690.17,23.6,61.0,17.13
690.4,23.6,61.0,15.18
690.63,23.6,61.0,17.47
690.86,23.6,61.0,16.2
691.09,23.6,61.0,15.65
691.31,23.6,61.0,16.24
691.54,23.6,61.0,17.23
691.79,23.6,61.0,17.42
692.02,23.6,61.0,15.63
692.25,23.6,61.0,16.95
692.48,23.6,61.0,17.23
692.71,23.6,61.0,17.08
692.93,23.6,61.0,16.07
693.16,23.6,61.0,15.87
693.39,23.6,61.0,16.06
693.62,23.6,61.0,14.47
693.87,23.6,61.0,15.57
694.1,23.6,61.0,15.9
694.33,23.6,61.0,16.86
694.55,23.6,61.0,16.61
694.78,23.6,61.0,14.88
695.01,23.6,61.0,16.56
695.24,23.6,61.0,16.55
695.47,23.6,61.0,14.35
695.7,23.6,61.0,17.51
695.95,23.6,61.0,15.95
696.18,23.6,61.0,17.33
696.4,23.6,61.0,16.44
696.63,23.6,61.0,15.84
696.86,23.6,61.0,16.78
697.09,23.6,61.0,15.73
697.32,23.6,61.0,14.85
697.54,23.6,61.0,17.31
697.77,23.6,61.0,17.68
698.03,23.6,61.0,17.0
698.25,23.6,61.0,16.4
698.48,23.6,61.0,16.72
698.71,23.6,61.0,17.35
698.94,23.6,61.0,15.78
699.16,23.6,61.0,16.76
699.39,23.6,61.0,16.81
699.62,23.6,61.0,15.89
699.85,23.6,61.0,15.48
700.1,23.6,61.0,16.04
700.33,23.6,61.0,16.54
700.56,23.6,61.0,17.08
700.79,23.6,61.0,16.15
701.01,23.6,61.0,15.47
701.24,23.6,61.0,16.59
701.47,23.6,61.0,15.4
701.7,23.6,61.0,16.32
701.93,23.6,61.0,16.65
702.18,23.6,61.0,15.79
702.41,23.6,61.0,16.72
702.64,23.6,61.0,14.08
702.86,23.6,61.0,16.58
703.09,23.6,61.0,15.95
703.32,23.6,61.0,15.12
703.55,23.6,61.0,15.8
703.78,23.6,61.0,16.12
704.0,23.6,61.0,15.44
704.26,23.6,61.0,15.88
704.48,23.6,61.0,14.69
704.71,23.6,61.0,17.06
704.94,23.6,61.0,16.89
705.17,23.6,61.0,15.65
705.4,23.6,61.0,16.66
705.62,23.6,61.0,16.54
705.85,23.6,61.0,14.8
706.08,23.6,61.0,16.05
706.33,23.6,61.0,15.89
706.56,23.6,61.0,16.44
706.79,23.6,61.0,15.35
707.02,23.6,61.0,14.81
707.24,23.6,61.0,17.25
707.47,23.6,61.0,16.02
707.7,23.6,61.0,15.35
707.93,23.6,61.0,17.11
708.16,23.6,61.0,16.69
708.41,23.6,61.0,16.65
708.64,23.6,61.0,16.11
708.87,23.6,61.0,15.93
709.09,23.6,61.0,17.78
709.32,23.6,61.0,16.99
709.55,23.6,61.0,15.27
709.78,23.6,61.0,16.66
710.01,23.6,61.0,16.41
710.23,23.6,61.0,14.64
710.49,23.6,61.0,15.67
710.72,23.6,61.0,16.26
710.94,23.6,61.0,16.66
711.17,23.6,61.0,15.37
711.4,23.6,61.0,15.16
711.63,23.6,61.0,15.83
711.85,23.6,61.0,14.9
712.08,23.6,61.0,14.99
712.31,23.6,61.0,15.67
712.56,23.6,61.0,15.15
712.79,23.6,61.0,16.44
713.02,23.6,61.0,14.77
713.25,23.6,61.0,15.81
713.48,23.6,61.0,15.81
713.7,23.6,61.0,15.2
713.93,23.6,61.0,16.05
714.16,23.6,61.0,15.88
714.39,23.6,61.0,14.58
714.64,23.6,61.0,16.44
714.87,23.6,61.0,15.29
715.1,23.6,61.0,16.14
715.33,23.6,61.0,15.58
715.55,23.6,61.0,14.67
715.78,23.6,61.0,15.69
716.01,23.6,61.0,15.97
716.24,23.6,61.0,15.61
716.47,23.6,61.0,15.99
716.72,23.6,61.0,15.52
716.95,23.6,61.0,16.34
717.17,23.6,61.0,15.75
717.4,23.6,61.0,15.05
717.63,23.6,61.0,16.21
717.86,23.6,61.0,16.21
718.09,23.6,61.0,15.22
718.31,23.6,61.0,15.84
718.54,23.6,61.0,16.06
718.79,23.6,61.0,16.25
719.02,23.6,61.0,16.17
719.25,23.6,61.0,15.46
719.48,23.6,61.0,16.47
719.71,23.6,61.0,16.12
719.93,23.6,61.0,15.34
720.16,23.6,61.0,16.23
720.39,23.6,61.0,15.27
720.62,23.6,61.0,15.27
720.87,23.6,61.0,16.19
721.1,23.6,61.0,16.18
721.33,23.6,61.0,16.41
721.56,23.6,61.0,15.47
721.78,23.6,61.0,15.13
722.01,23.6,61.0,16.3
722.24,23.6,61.0,15.27
722.47,23.6,61.0,14.91
722.7,23.6,61.0,15.59
722.95,23.6,61.0,15.14
723.18,23.6,61.0,16.51
723.41,23.6,61.0,16.44
723.63,23.6,61.0,16.14
723.86,23.6,61.0,17.83
724.09,23.6,61.0,15.16
724.32,23.6,61.0,14.07
724.54,23.6,61.0,16.88
724.77,23.6,61.0,15.84
725.03,23.6,61.0,17.49
725.25,23.6,61.0,16.06
725.48,23.6,61.0,16.01
725.71,23.6,61.0,16.99
725.94,23.6,61.0,15.48
726.17,23.6,61.0,15.6
726.39,23.6,61.0,15.47
726.62,23.6,61.0,14.9
726.85,23.6,61.0,16.05
727.1,23.6,61.0,16.73
727.33,23.6,61.0,15.47
727.56,23.6,61.0,17.2
727.79,23.6,61.0,16.28
728.02,23.6,61.0,16.16
728.24,23.6,61.0,17.31
728.47,23.6,61.0,15.53
728.7,23.6,61.0,14.42
728.93,23.6,61.0,16.39
729.18,23.6,61.0,15.7
729.41,23.6,61.0,15.6
729.64,23.6,61.0,16.17
729.86,23.6,61.0,15.76
730.09,23.6,61.0,16.73
730.32,23.6,61.0,15.55
730.55,23.6,61.0,15.65
730.78,23.6,61.0,16.58
731.0,23.6,61.0,15.7
731.26,23.6,61.0,15.84
731.48,23.6,61.0,14.31
731.71,23.6,61.0,15.88
731.94,23.6,61.0,15.92
732.17,23.6,61.0,14.88
732.4,23.6,61.0,14.54
732.62,23.6,61.0,17.05
732.85,23.6,61.0,15.79
733.08,23.6,61.0,14.7
733.33,23.6,61.0,15.63
733.56,23.6,61.0,16.06
733.79,23.6,61.0,16.92
734.02,23.6,61.0,15.59
734.25,23.6,61.0,15.31
734.47,23.6,61.0,16.13
734.7,23.6,61.0,15.1
734.93,23.6,61.0,15.36
735.16,23.6,61.0,14.9
735.41,23.6,61.0,15.99
735.64,23.6,61.0,16.98
735.87,23.6,61.0,15.98
736.09,23.6,61.0,15.67
736.32,23.6,61.0,16.65
736.55,23.6,61.0,16.4
736.78,23.6,61.0,15.0
737.01,23.6,61.0,16.87
737.23,23.6,61.0,15.36
737.49,23.6,61.0,15.91
737.72,23.6,61.0,16.06
737.94,23.6,61.0,16.46
738.17,23.6,61.0,16.45
738.4,23.6,61.0,14.88
738.63,23.6,61.0,15.49
738.86,23.6,61.0,17.53
739.08,23.6,61.0,14.73
739.31,23.6,61.0,16.43
739.57,23.6,61.0,15.21
739.79,23.6,61.0,16.6
740.02,23.6,61.0,17.01
740.25,23.6,61.0,14.44
740.48,23.6,61.0,17.01
740.71,23.6,61.0,16.51
740.93,23.6,61.0,16.8
741.16,23.6,61.0,15.87
741.39,23.6,61.0,16.66
741.64,23.6,61.0,17.14
741.87,23.6,61.0,16.0
742.1,23.6,61.0,15.46
742.33,23.6,61.0,16.18
742.55,23.6,61.0,16.78
742.78,23.6,61.0,14.67
743.01,23.6,61.0,15.71
743.24,23.6,61.0,16.28
743.47,23.6,61.0,16.05
743.72,23.6,61.0,15.45
743.95,23.6,61.0,15.44
744.17,23.6,61.0,17.16
744.4,23.6,61.0,16.01
744.63,23.6,61.0,15.52
744.86,23.6,61.0,17.17
745.09,23.6,61.0,16.34
745.32,23.6,61.0,16.0
745.54,23.6,61.0,16.79
745.8,23.6,61.0,15.73
746.02,23.6,61.0,17.52
746.25,23.6,61.0,15.47
746.48,23.6,61.0,15.81
746.71,23.6,61.0,17.98
746.94,23.6,61.0,16.01
747.16,23.6,61.0,15.82
747.39,23.6,61.0,16.62
747.62,23.6,61.0,16.23
747.87,23.6,61.0,16.54
748.1,23.6,61.0,16.18
748.33,23.6,61.0,15.0
748.56,23.6,61.0,17.21
748.78,23.6,61.0,17.42
749.01,23.6,61.0,15.08
749.24,23.6,61.0,16.69
749.47,23.6,61.0,16.17
749.7,23.6,61.0,16.2
749.95,23.6,61.0,15.53
750.18,23.6,61.0,16.78
750.41,23.6,61.0,16.71
750.63,23.6,61.0,16.23
750.86,23.6,61.0,14.98
751.09,23.6,61.0,16.96
751.32,23.6,61.0,17.16
751.55,23.6,61.0,15.93
751.77,23.6,61.0,17.01
752.03,23.6,61.0,15.72
752.26,23.6,61.0,15.45
752.48,23.6,61.0,15.72
752.71,23.6,61.0,16.37
752.94,23.6,61.0,16.62
753.17,23.6,61.0,14.68
753.4,23.6,61.0,15.64
753.62,23.6,61.0,16.75
753.85,23.6,61.0,16.27
754.1,23.6,61.0,17.4
754.33,23.6,61.0,15.63
754.56,23.6,61.0,15.63
754.79,23.6,61.0,16.98
755.02,23.6,61.0,15.49
755.24,23.6,61.0,16.19
755.47,23.6,61.0,17.4
755.7,23.6,61.0,15.99
755.93,23.6,61.0,15.77
756.18,23.6,61.0,14.83
756.41,23.6,61.0,16.66
756.64,23.6,61.0,17.02
756.86,23.6,61.0,16.11
757.09,23.6,61.0,16.29
757.32,23.6,61.0,17.01
757.55,23.6,61.0,15.88
757.78,23.6,61.0,15.62
758.01,23.6,61.0,17.09
758.26,23.6,61.0,16.58
758.49,23.6,61.0,10.21
758.71,23.6,61.0,10.09
758.94,23.6,61.0,10.38
759.17,23.6,61.0,12.0
759.4,23.6,61.0,8.66
759.63,23.6,61.0,9.24
759.85,23.6,61.0,9.54
760.08,23.6,61.0,9.63
760.34,23.6,61.0,14.97
760.56,23.6,61.0,15.62
760.79,23.6,61.0,16.87
761.02,23.6,61.0,15.93
761.25,23.6,61.0,16.43
