Timestamp,  What level do you play at?  ,How long have you been playing,Are you a blocker or defender,If you have a CBVA rating what is it?," Rate your current beach volleyball skill on a 1–10 scale:   1 = just picked up the sport 3 = comfortable with fundamentals (pass, set, hit) 5 = solid recreational / club player 7 = competitive tournament player 10 = professional / AVP level","Rate how much each of these affects how you play day-to-day: (1 = no effect, 5 = huge effect) [Sleep quality the night before]","Rate how much each of these affects how you play day-to-day: (1 = no effect, 5 = huge effect) [Sleep quality TWO nights before]","Rate how much each of these affects how you play day-to-day: (1 = no effect, 5 = huge effect) [Time of day played]","Rate how much each of these affects how you play day-to-day: (1 = no effect, 5 = huge effect) [Overall recovery / how tired you feel]","Rate how much each of these affects how you play day-to-day: (1 = no effect, 5 = huge effect) [Air temperature]","Rate how much each of these affects how you play day-to-day: (1 = no effect, 5 = huge effect) [Sun exposure / sand temperature]","Rate how much each of these affects how you play day-to-day: (1 = no effect, 5 = huge effect) [Wind]","Rate how much each of these affects how you play day-to-day: (1 = no effect, 5 = huge effect) [Humidity]","Rate how much each of these affects how you play day-to-day: (1 = no effect, 5 = huge effect) [Mental state / confidence going in]","Rate how much each of these affects how you play day-to-day: (1 = no effect, 5 = huge effect) [Communication with your partner]","Rate how much each of these affects how you play day-to-day: (1 = no effect, 5 = huge effect) [Who you're playing AGAINST]","Rate how much each of these affects how you play day-to-day: (1 = no effect, 5 = huge effect) [Who you play WITH]","Rate how much each of these affects how you play day-to-day: (1 = no effect, 5 = huge effect) [What you ate that day]","Rate how much each of these affects how you play day-to-day: (1 = no effect, 5 = huge effect) [Caffeine / hydration]","Rate how much each of these affects how you play day-to-day: (1 = no effect, 5 = huge effect) [Location]","Rate how much each of these affects how you play day-to-day: (1 = no effect, 5 = huge effect) [Noise levels around court]","Rate how much each of these affects how you play day-to-day: (1 = no effect, 5 = huge effect) [Speed of play (slow to serve / lots of shagging)]","Rate how much each of these affects how you play day-to-day: (1 = no effect, 5 = huge effect) [Warm up]", Any factors that I missed??? Other factors you think matter a lot.  ,"  How do you currently track your performance/recovery, if at all?  ","If yes to wearables, which one(s)?","After a session, would you use a tool that ranked which of these factors most explained how you played that day?  ","Explain your answer above. What would you be most excited about?  If you said ""depends"" or ""no"" — what would make it useful (or not)?",  Anything else you want to say about this idea?  
5/11/2026 14:04:03,Club,1–2 years,Blocker,Unrated,8,4,5,2,5,3,3,5,2,3,3,3,4,3,3,3,2,2,,none,"Mental notes / memory, Wearable (Whoop, Oura, Apple Watch, etc.), Video / film review, Coach feedback","Apple Watch, Oura ring","Yes, definitely",,
5/11/2026 14:04:28,Recreational / pickup,3-5 years,Defender,Unrated,5,4,4,3,5,3,4,5,2,5,5,3,4,3,3,3,1,2,,"Warm up, mobility that day any injuries, people with bad attitudes","Wearable (Whoop, Oura, Apple Watch, etc.)","Apple Watch, Oura ring","Maybe, depends on how it works",Is it integrated with my other wearables ,Great idea 
5/11/2026 14:07:00,Club,1–2 years,I play a bit of both,Unrated,6,2,1,3,4,1,1,5,1,1,3,5,5,4,3,1,1,3,4,nope,"Wearable (Whoop, Oura, Apple Watch, etc.)",Whoop,"Maybe, depends on how it works",,
5/11/2026 14:15:44,Recreational / pickup,10+ years,Defender,A,6,4,3,1,3,3,2,2,1,1,1,1,3,3,3,1,1,1,4,No,Mental notes / memory,,Probably not,Not interested in wearing gadgets ,Great questions 
5/11/2026 14:16:42,Recreational / pickup,3-5 years,Defender,Unrated,6,4,2,2,4,2,2,4,2,5,4,2,5,3,3,3,1,3,4,N/A,I don't,,"Maybe, depends on how it works",I’m more interested in simply training/playing to improve my skills rather than tracking every single detail. ,M/A
5/11/2026 14:22:30,Club,3-5 years,Defender,N/A,6,1,1,5,1,1,1,5,5,1,3,3,3,1,3,5,1,3,3,Whether I need to poop rlly bad and the quality of the bathrooms,I don't,,"Maybe, depends on how it works",,
5/11/2026 14:47:16,NCAA,3-5 years,I play a bit of both,Unrated,7,2,3,3,4,2,3,4,1,4,5,5,5,2,3,1,1,2,3,How my body is feeling/injury/strain. IE if my knees/shoulder have been having issues recently,"Mental notes / memory, Video / film review",,Probably not,"For me I would probably just keep mental notes on what affected me, I haven’t felt the need yet to rank or write down why I played how I played",I feel like this would be hard with some variables of play such as wind there’s nothing u can do about it even tho it can greatly affect play.
5/11/2026 14:47:21,Recreational / pickup,5-10 years,I play a bit of both,Unrated,6,2,2,1,3,2,4,1,3,3,4,1,2,4,3,1,2,1,1,The thing that affects my performance more than anything else is whether I play on an empty stomach I play much better versus playing on a half stomach. I play still pretty good on a full stomach. I play terribly.,Mental notes / memory,Apple Watch,"Maybe, depends on how it works","I just don’t know what it would be, but yeah, I guess that would be",See you on the court the Beach Volleyball Court that is:)
5/11/2026 14:55:52,Open / AVP,1–2 years,Defender,Unrated,7,2,2,3,3,1,3,3,3,4,4,2,3,3,3,2,1,4,3,Playing with beginners and other gender effects,I don't,Other smart watch,"Yes, definitely",,
5/11/2026 14:55:57,Other,10+ years,Defender,Unrated,5,4,3,3,4,4,4,4,5,4,5,3,2,4,4,1,1,1,3,Amount of time since last playing ,Mental notes / memory,,"Maybe, depends on how it works",I think it’d be a great tool and effective for understanding areas to improve. It would be how it was tracked that I’d be skeptical about. ,
5/11/2026 15:01:49,Recreational / pickup,3-5 years,Defender,N/A,5,5,5,3,5,2,2,4,2,5,4,4,5,2,3,1,3,1,4,Time between matches,Mental notes / memory,,"Maybe, depends on how it works",,
5/11/2026 15:04:06,Intramural,10+ years,Defender,Unrated,6,4,3,4,4,4,4,4,4,4,5,5,5,4,3,3,1,3,4,No,"Mental notes / memory, Wearable (Whoop, Oura, Apple Watch, etc.)",Other smart watch,"Maybe, depends on how it works",Excited about things to help me improve ,
5/11/2026 15:05:42,Recreational / pickup,10+ years,I play a bit of both,Unrated,5,2,1,1,3,3,2,3,2,2,2,2,3,2,1,1,1,2,2,"Ask if people eat a meal 1 or 2 hours before matches or just a banana/energy drink before a match game, then eat afterwards? I’ll be interesting to see people regiment and energy level during games and which one works best! ","Mental notes / memory, Video / film review",Apple Watch,"Maybe, depends on how it works","Video would work, always good to see your technique, what’s good and what needs improvement ",
5/11/2026 15:12:50,Recreational / pickup,Less than 1 year,I play a bit of both,Unrated,5,5,2,2,3,1,3,4,4,5,5,2,2,2,4,1,3,2,5,Soreness after working out beforehand ,Mental notes / memory,,"Maybe, depends on how it works",I would be interested if it wouldnt get in the way of playing and it told you exactly what is it that is affecting the play most. ,I would definitely use it for in different areas of my life not just for volleyball 
5/11/2026 15:36:36,Recreational / pickup,10+ years,I play a bit of both,N/A,5,5,3,3,5,3,3,5,3,5,5,5,5,5,5,1,2,2,5,"Not really, but I'm a bit confused as to why ""caffeine"" was paired with ""hydration"" on the same line ... AFAIK, caffeine is a diuretic so works against hydration",Mental notes / memory,,"Maybe, depends on how it works","I just play for fun, so tracking my performance and understanding what makes me play better or worse is not as important as just having fun",
5/11/2026 15:45:36,Recreational / pickup,10+ years,Defender,Unrated,5,4,3,3,4,4,4,5,4,4,3,3,4,4,3,3,3,3,3,Na ,Mental notes / memory,Apple Watch,"Yes, definitely",Reviews of my performance ,
5/11/2026 16:34:31,Club,3-5 years,Blocker,A,7,5,3,2,5,2,2,4,3,1,4,4,4,4,4,2,2,2,3,Tournament stakes,"Mental notes / memory, Video / film review",,"Maybe, depends on how it works","Tracking my performance over time seems useful, but I don’t want it to be a chore that takes too much time of logging specifics about how I played",
5/11/2026 19:02:29,Intramural,Less than 1 year,I play a bit of both,Unrated,1,2,2,2,2,2,4,4,4,2,4,2,2,2,2,2,2,2,2,Nope,I don't,,Probably not,,
5/11/2026 19:07:46,Club,5-10 years,Defender,N/A,7,3,1,4,4,4,4,5,2,5,4,1,4,4,4,4,2,1,3,nah,"I don't, Mental notes / memory",,"Maybe, depends on how it works","I usually go on a day to day basis and try not to think to hard about how I played. If I do I tend to get in my head and then it'll affect how I play in the future, so I usually play, do a mini reflection, and then move on so I don't linger and overthink how I played during a particular session.",
5/11/2026 19:15:37,Club,1–2 years,I play a bit of both,Unrated,6,5,3,3,5,3,3,5,2,5,3,4,5,2,4,3,1,2,3,n/a,"Mental notes / memory, Wearable (Whoop, Oura, Apple Watch, etc.)","Apple Watch, Whoop","Maybe, depends on how it works","Definitely would be eager to track things I can change like sleep, hydration, stress, etc not as much uncontrollable factors.",